FullDate,DateKey,Day,Month,Quarter,Year
2013-01-01,1,1,1,1,2013
2013-01-02,2,2,1,1,2013
2013-01-03,3,3,1,1,2013
2013-01-04,4,4,1,1,2013
2013-01-05,5,5,1,1,2013
2013-01-06,6,6,1,1,2013
2013-01-07,7,7,1,1,2013
2013-01-08,8,8,1,1,2013
2013-01-09,9,9,1,1,2013
2013-01-10,10,10,1,1,2013
2013-01-11,11,11,1,1,2013
2013-01-12,12,12,1,1,2013
2013-01-13,13,13,1,1,2013
2013-01-14,14,14,1,1,2013
2013-01-15,15,15,1,1,2013
2013-01-16,16,16,1,1,2013
2013-01-17,17,17,1,1,2013
2013-01-18,18,18,1,1,2013
2013-01-19,19,19,1,1,2013
2013-01-20,20,20,1,1,2013
2013-01-21,21,21,1,1,2013
2013-01-22,22,22,1,1,2013
2013-01-23,23,23,1,1,2013
2013-01-24,24,24,1,1,2013
2013-01-25,25,25,1,1,2013
2013-01-26,26,26,1,1,2013
2013-01-27,27,27,1,1,2013
2013-01-28,28,28,1,1,2013
2013-01-29,29,29,1,1,2013
2013-01-30,30,30,1,1,2013
2013-01-31,31,31,1,1,2013
2013-02-01,32,1,2,1,2013
2013-02-02,33,2,2,1,2013
2013-02-03,34,3,2,1,2013
2013-02-04,35,4,2,1,2013
2013-02-05,36,5,2,1,2013
2013-02-06,37,6,2,1,2013
2013-02-07,38,7,2,1,2013
2013-02-08,39,8,2,1,2013
2013-02-09,40,9,2,1,2013
2013-02-10,41,10,2,1,2013
2013-02-11,42,11,2,1,2013
2013-02-12,43,12,2,1,2013
2013-02-13,44,13,2,1,2013
2013-02-14,45,14,2,1,2013
2013-02-15,46,15,2,1,2013
2013-02-16,47,16,2,1,2013
2013-02-17,48,17,2,1,2013
2013-02-18,49,18,2,1,2013
2013-02-19,50,19,2,1,2013
2013-02-20,51,20,2,1,2013
2013-02-21,52,21,2,1,2013
2013-02-22,53,22,2,1,2013
2013-02-23,54,23,2,1,2013
2013-02-24,55,24,2,1,2013
2013-02-25,56,25,2,1,2013
2013-02-26,57,26,2,1,2013
2013-02-27,58,27,2,1,2013
2013-02-28,59,28,2,1,2013
2013-03-01,60,1,3,1,2013
2013-03-02,61,2,3,1,2013
2013-03-03,62,3,3,1,2013
2013-03-04,63,4,3,1,2013
2013-03-05,64,5,3,1,2013
2013-03-06,65,6,3,1,2013
2013-03-07,66,7,3,1,2013
2013-03-08,67,8,3,1,2013
2013-03-09,68,9,3,1,2013
2013-03-10,69,10,3,1,2013
2013-03-11,70,11,3,1,2013
2013-03-12,71,12,3,1,2013
2013-03-13,72,13,3,1,2013
2013-03-14,73,14,3,1,2013
2013-03-15,74,15,3,1,2013
2013-03-16,75,16,3,1,2013
2013-03-17,76,17,3,1,2013
2013-03-18,77,18,3,1,2013
2013-03-19,78,19,3,1,2013
2013-03-20,79,20,3,1,2013
2013-03-21,80,21,3,1,2013
2013-03-22,81,22,3,1,2013
2013-03-23,82,23,3,1,2013
2013-03-24,83,24,3,1,2013
2013-03-25,84,25,3,1,2013
2013-03-26,85,26,3,1,2013
2013-03-27,86,27,3,1,2013
2013-03-28,87,28,3,1,2013
2013-03-29,88,29,3,1,2013
2013-03-30,89,30,3,1,2013
2013-03-31,90,31,3,1,2013
2013-04-01,91,1,4,2,2013
2013-04-02,92,2,4,2,2013
2013-04-03,93,3,4,2,2013
2013-04-04,94,4,4,2,2013
2013-04-05,95,5,4,2,2013
2013-04-06,96,6,4,2,2013
2013-04-07,97,7,4,2,2013
2013-04-08,98,8,4,2,2013
2013-04-09,99,9,4,2,2013
2013-04-10,100,10,4,2,2013
2013-04-11,101,11,4,2,2013
2013-04-12,102,12,4,2,2013
2013-04-13,103,13,4,2,2013
2013-04-14,104,14,4,2,2013
2013-04-15,105,15,4,2,2013
2013-04-16,106,16,4,2,2013
2013-04-17,107,17,4,2,2013
2013-04-18,108,18,4,2,2013
2013-04-19,109,19,4,2,2013
2013-04-20,110,20,4,2,2013
2013-04-21,111,21,4,2,2013
2013-04-22,112,22,4,2,2013
2013-04-23,113,23,4,2,2013
2013-04-24,114,24,4,2,2013
2013-04-25,115,25,4,2,2013
2013-04-26,116,26,4,2,2013
2013-04-27,117,27,4,2,2013
2013-04-28,118,28,4,2,2013
2013-04-29,119,29,4,2,2013
2013-04-30,120,30,4,2,2013
2013-05-01,121,1,5,2,2013
2013-05-02,122,2,5,2,2013
2013-05-03,123,3,5,2,2013
2013-05-04,124,4,5,2,2013
2013-05-05,125,5,5,2,2013
2013-05-06,126,6,5,2,2013
2013-05-07,127,7,5,2,2013
2013-05-08,128,8,5,2,2013
2013-05-09,129,9,5,2,2013
2013-05-10,130,10,5,2,2013
2013-05-11,131,11,5,2,2013
2013-05-12,132,12,5,2,2013
2013-05-13,133,13,5,2,2013
2013-05-14,134,14,5,2,2013
2013-05-15,135,15,5,2,2013
2013-05-16,136,16,5,2,2013
2013-05-17,137,17,5,2,2013
2013-05-18,138,18,5,2,2013
2013-05-19,139,19,5,2,2013
2013-05-20,140,20,5,2,2013
2013-05-21,141,21,5,2,2013
2013-05-22,142,22,5,2,2013
2013-05-23,143,23,5,2,2013
2013-05-24,144,24,5,2,2013
2013-05-25,145,25,5,2,2013
2013-05-26,146,26,5,2,2013
2013-05-27,147,27,5,2,2013
2013-05-28,148,28,5,2,2013
2013-05-29,149,29,5,2,2013
2013-05-30,150,30,5,2,2013
2013-05-31,151,31,5,2,2013
2013-06-01,152,1,6,2,2013
2013-06-02,153,2,6,2,2013
2013-06-03,154,3,6,2,2013
2013-06-04,155,4,6,2,2013
2013-06-05,156,5,6,2,2013
2013-06-06,157,6,6,2,2013
2013-06-07,158,7,6,2,2013
2013-06-08,159,8,6,2,2013
2013-06-09,160,9,6,2,2013
2013-06-10,161,10,6,2,2013
2013-06-11,162,11,6,2,2013
2013-06-12,163,12,6,2,2013
2013-06-13,164,13,6,2,2013
2013-06-14,165,14,6,2,2013
2013-06-15,166,15,6,2,2013
2013-06-16,167,16,6,2,2013
2013-06-17,168,17,6,2,2013
2013-06-18,169,18,6,2,2013
2013-06-19,170,19,6,2,2013
2013-06-20,171,20,6,2,2013
2013-06-21,172,21,6,2,2013
2013-06-22,173,22,6,2,2013
2013-06-23,174,23,6,2,2013
2013-06-24,175,24,6,2,2013
2013-06-25,176,25,6,2,2013
2013-06-26,177,26,6,2,2013
2013-06-27,178,27,6,2,2013
2013-06-28,179,28,6,2,2013
2013-06-29,180,29,6,2,2013
2013-06-30,181,30,6,2,2013
2013-07-01,182,1,7,3,2013
2013-07-02,183,2,7,3,2013
2013-07-03,184,3,7,3,2013
2013-07-04,185,4,7,3,2013
2013-07-05,186,5,7,3,2013
2013-07-06,187,6,7,3,2013
2013-07-07,188,7,7,3,2013
2013-07-08,189,8,7,3,2013
2013-07-09,190,9,7,3,2013
2013-07-10,191,10,7,3,2013
2013-07-11,192,11,7,3,2013
2013-07-12,193,12,7,3,2013
2013-07-13,194,13,7,3,2013
2013-07-14,195,14,7,3,2013
2013-07-15,196,15,7,3,2013
2013-07-16,197,16,7,3,2013
2013-07-17,198,17,7,3,2013
2013-07-18,199,18,7,3,2013
2013-07-19,200,19,7,3,2013
2013-07-20,201,20,7,3,2013
2013-07-21,202,21,7,3,2013
2013-07-22,203,22,7,3,2013
2013-07-23,204,23,7,3,2013
2013-07-24,205,24,7,3,2013
2013-07-25,206,25,7,3,2013
2013-07-26,207,26,7,3,2013
2013-07-27,208,27,7,3,2013
2013-07-28,209,28,7,3,2013
2013-07-29,210,29,7,3,2013
2013-07-30,211,30,7,3,2013
2013-07-31,212,31,7,3,2013
2013-08-01,213,1,8,3,2013
2013-08-02,214,2,8,3,2013
2013-08-03,215,3,8,3,2013
2013-08-04,216,4,8,3,2013
2013-08-05,217,5,8,3,2013
2013-08-06,218,6,8,3,2013
2013-08-07,219,7,8,3,2013
2013-08-08,220,8,8,3,2013
2013-08-09,221,9,8,3,2013
2013-08-10,222,10,8,3,2013
2013-08-11,223,11,8,3,2013
2013-08-12,224,12,8,3,2013
2013-08-13,225,13,8,3,2013
2013-08-14,226,14,8,3,2013
2013-08-15,227,15,8,3,2013
2013-08-16,228,16,8,3,2013
2013-08-17,229,17,8,3,2013
2013-08-18,230,18,8,3,2013
2013-08-19,231,19,8,3,2013
2013-08-20,232,20,8,3,2013
2013-08-21,233,21,8,3,2013
2013-08-22,234,22,8,3,2013
2013-08-23,235,23,8,3,2013
2013-08-24,236,24,8,3,2013
2013-08-25,237,25,8,3,2013
2013-08-26,238,26,8,3,2013
2013-08-27,239,27,8,3,2013
2013-08-28,240,28,8,3,2013
2013-08-29,241,29,8,3,2013
2013-08-30,242,30,8,3,2013
2013-08-31,243,31,8,3,2013
2013-09-01,244,1,9,3,2013
2013-09-02,245,2,9,3,2013
2013-09-03,246,3,9,3,2013
2013-09-04,247,4,9,3,2013
2013-09-05,248,5,9,3,2013
2013-09-06,249,6,9,3,2013
2013-09-07,250,7,9,3,2013
2013-09-08,251,8,9,3,2013
2013-09-09,252,9,9,3,2013
2013-09-10,253,10,9,3,2013
2013-09-11,254,11,9,3,2013
2013-09-12,255,12,9,3,2013
2013-09-13,256,13,9,3,2013
2013-09-14,257,14,9,3,2013
2013-09-15,258,15,9,3,2013
2013-09-16,259,16,9,3,2013
2013-09-17,260,17,9,3,2013
2013-09-18,261,18,9,3,2013
2013-09-19,262,19,9,3,2013
2013-09-20,263,20,9,3,2013
2013-09-21,264,21,9,3,2013
2013-09-22,265,22,9,3,2013
2013-09-23,266,23,9,3,2013
2013-09-24,267,24,9,3,2013
2013-09-25,268,25,9,3,2013
2013-09-26,269,26,9,3,2013
2013-09-27,270,27,9,3,2013
2013-09-28,271,28,9,3,2013
2013-09-29,272,29,9,3,2013
2013-09-30,273,30,9,3,2013
2013-10-01,274,1,10,4,2013
2013-10-02,275,2,10,4,2013
2013-10-03,276,3,10,4,2013
2013-10-04,277,4,10,4,2013
2013-10-05,278,5,10,4,2013
2013-10-06,279,6,10,4,2013
2013-10-07,280,7,10,4,2013
2013-10-08,281,8,10,4,2013
2013-10-09,282,9,10,4,2013
2013-10-10,283,10,10,4,2013
2013-10-11,284,11,10,4,2013
2013-10-12,285,12,10,4,2013
2013-10-13,286,13,10,4,2013
2013-10-14,287,14,10,4,2013
2013-10-15,288,15,10,4,2013
2013-10-16,289,16,10,4,2013
2013-10-17,290,17,10,4,2013
2013-10-18,291,18,10,4,2013
2013-10-19,292,19,10,4,2013
2013-10-20,293,20,10,4,2013
2013-10-21,294,21,10,4,2013
2013-10-22,295,22,10,4,2013
2013-10-23,296,23,10,4,2013
2013-10-24,297,24,10,4,2013
2013-10-25,298,25,10,4,2013
2013-10-26,299,26,10,4,2013
2013-10-27,300,27,10,4,2013
2013-10-28,301,28,10,4,2013
2013-10-29,302,29,10,4,2013
2013-10-30,303,30,10,4,2013
2013-10-31,304,31,10,4,2013
2013-11-01,305,1,11,4,2013
2013-11-02,306,2,11,4,2013
2013-11-03,307,3,11,4,2013
2013-11-04,308,4,11,4,2013
2013-11-05,309,5,11,4,2013
2013-11-06,310,6,11,4,2013
2013-11-07,311,7,11,4,2013
2013-11-08,312,8,11,4,2013
2013-11-09,313,9,11,4,2013
2013-11-10,314,10,11,4,2013
2013-11-11,315,11,11,4,2013
2013-11-12,316,12,11,4,2013
2013-11-13,317,13,11,4,2013
2013-11-14,318,14,11,4,2013
2013-11-15,319,15,11,4,2013
2013-11-16,320,16,11,4,2013
2013-11-17,321,17,11,4,2013
2013-11-18,322,18,11,4,2013
2013-11-19,323,19,11,4,2013
2013-11-20,324,20,11,4,2013
2013-11-21,325,21,11,4,2013
2013-11-22,326,22,11,4,2013
2013-11-23,327,23,11,4,2013
2013-11-24,328,24,11,4,2013
2013-11-25,329,25,11,4,2013
2013-11-26,330,26,11,4,2013
2013-11-27,331,27,11,4,2013
2013-11-28,332,28,11,4,2013
2013-11-29,333,29,11,4,2013
2013-11-30,334,30,11,4,2013
2013-12-01,335,1,12,4,2013
2013-12-02,336,2,12,4,2013
2013-12-03,337,3,12,4,2013
2013-12-04,338,4,12,4,2013
2013-12-05,339,5,12,4,2013
2013-12-06,340,6,12,4,2013
2013-12-07,341,7,12,4,2013
2013-12-08,342,8,12,4,2013
2013-12-09,343,9,12,4,2013
2013-12-10,344,10,12,4,2013
2013-12-11,345,11,12,4,2013
2013-12-12,346,12,12,4,2013
2013-12-13,347,13,12,4,2013
2013-12-14,348,14,12,4,2013
2013-12-15,349,15,12,4,2013
2013-12-16,350,16,12,4,2013
2013-12-17,351,17,12,4,2013
2013-12-18,352,18,12,4,2013
2013-12-19,353,19,12,4,2013
2013-12-20,354,20,12,4,2013
2013-12-21,355,21,12,4,2013
2013-12-22,356,22,12,4,2013
2013-12-23,357,23,12,4,2013
2013-12-24,358,24,12,4,2013
2013-12-25,359,25,12,4,2013
2013-12-26,360,26,12,4,2013
2013-12-27,361,27,12,4,2013
2013-12-28,362,28,12,4,2013
2013-12-29,363,29,12,4,2013
2013-12-30,364,30,12,4,2013
2013-12-31,365,31,12,4,2013
2014-01-01,366,1,1,1,2014
2014-01-02,367,2,1,1,2014
2014-01-03,368,3,1,1,2014
2014-01-04,369,4,1,1,2014
2014-01-05,370,5,1,1,2014
2014-01-06,371,6,1,1,2014
2014-01-07,372,7,1,1,2014
2014-01-08,373,8,1,1,2014
2014-01-09,374,9,1,1,2014
2014-01-10,375,10,1,1,2014
2014-01-11,376,11,1,1,2014
2014-01-12,377,12,1,1,2014
2014-01-13,378,13,1,1,2014
2014-01-14,379,14,1,1,2014
2014-01-15,380,15,1,1,2014
2014-01-16,381,16,1,1,2014
2014-01-17,382,17,1,1,2014
2014-01-18,383,18,1,1,2014
2014-01-19,384,19,1,1,2014
2014-01-20,385,20,1,1,2014
2014-01-21,386,21,1,1,2014
2014-01-22,387,22,1,1,2014
2014-01-23,388,23,1,1,2014
2014-01-24,389,24,1,1,2014
2014-01-25,390,25,1,1,2014
2014-01-26,391,26,1,1,2014
2014-01-27,392,27,1,1,2014
2014-01-28,393,28,1,1,2014
2014-01-29,394,29,1,1,2014
2014-01-30,395,30,1,1,2014
2014-01-31,396,31,1,1,2014
2014-02-01,397,1,2,1,2014
2014-02-02,398,2,2,1,2014
2014-02-03,399,3,2,1,2014
2014-02-04,400,4,2,1,2014
2014-02-05,401,5,2,1,2014
2014-02-06,402,6,2,1,2014
2014-02-07,403,7,2,1,2014
2014-02-08,404,8,2,1,2014
2014-02-09,405,9,2,1,2014
2014-02-10,406,10,2,1,2014
2014-02-11,407,11,2,1,2014
2014-02-12,408,12,2,1,2014
2014-02-13,409,13,2,1,2014
2014-02-14,410,14,2,1,2014
2014-02-15,411,15,2,1,2014
2014-02-16,412,16,2,1,2014
2014-02-17,413,17,2,1,2014
2014-02-18,414,18,2,1,2014
2014-02-19,415,19,2,1,2014
2014-02-20,416,20,2,1,2014
2014-02-21,417,21,2,1,2014
2014-02-22,418,22,2,1,2014
2014-02-23,419,23,2,1,2014
2014-02-24,420,24,2,1,2014
2014-02-25,421,25,2,1,2014
2014-02-26,422,26,2,1,2014
2014-02-27,423,27,2,1,2014
2014-02-28,424,28,2,1,2014
2014-03-01,425,1,3,1,2014
2014-03-02,426,2,3,1,2014
2014-03-03,427,3,3,1,2014
2014-03-04,428,4,3,1,2014
2014-03-05,429,5,3,1,2014
2014-03-06,430,6,3,1,2014
2014-03-07,431,7,3,1,2014
2014-03-08,432,8,3,1,2014
2014-03-09,433,9,3,1,2014
2014-03-10,434,10,3,1,2014
2014-03-11,435,11,3,1,2014
2014-03-12,436,12,3,1,2014
2014-03-13,437,13,3,1,2014
2014-03-14,438,14,3,1,2014
2014-03-15,439,15,3,1,2014
2014-03-16,440,16,3,1,2014
2014-03-17,441,17,3,1,2014
2014-03-18,442,18,3,1,2014
2014-03-19,443,19,3,1,2014
2014-03-20,444,20,3,1,2014
2014-03-21,445,21,3,1,2014
2014-03-22,446,22,3,1,2014
2014-03-23,447,23,3,1,2014
2014-03-24,448,24,3,1,2014
2014-03-25,449,25,3,1,2014
2014-03-26,450,26,3,1,2014
2014-03-27,451,27,3,1,2014
2014-03-28,452,28,3,1,2014
2014-03-29,453,29,3,1,2014
2014-03-30,454,30,3,1,2014
2014-03-31,455,31,3,1,2014
2014-04-01,456,1,4,2,2014
2014-04-02,457,2,4,2,2014
2014-04-03,458,3,4,2,2014
2014-04-04,459,4,4,2,2014
2014-04-05,460,5,4,2,2014
2014-04-06,461,6,4,2,2014
2014-04-07,462,7,4,2,2014
2014-04-08,463,8,4,2,2014
2014-04-09,464,9,4,2,2014
2014-04-10,465,10,4,2,2014
2014-04-11,466,11,4,2,2014
2014-04-12,467,12,4,2,2014
2014-04-13,468,13,4,2,2014
2014-04-14,469,14,4,2,2014
2014-04-15,470,15,4,2,2014
2014-04-16,471,16,4,2,2014
2014-04-17,472,17,4,2,2014
2014-04-18,473,18,4,2,2014
2014-04-19,474,19,4,2,2014
2014-04-20,475,20,4,2,2014
2014-04-21,476,21,4,2,2014
2014-04-22,477,22,4,2,2014
2014-04-23,478,23,4,2,2014
2014-04-24,479,24,4,2,2014
2014-04-25,480,25,4,2,2014
2014-04-26,481,26,4,2,2014
2014-04-27,482,27,4,2,2014
2014-04-28,483,28,4,2,2014
2014-04-29,484,29,4,2,2014
2014-04-30,485,30,4,2,2014
2014-05-01,486,1,5,2,2014
2014-05-02,487,2,5,2,2014
2014-05-03,488,3,5,2,2014
2014-05-04,489,4,5,2,2014
2014-05-05,490,5,5,2,2014
2014-05-06,491,6,5,2,2014
2014-05-07,492,7,5,2,2014
2014-05-08,493,8,5,2,2014
2014-05-09,494,9,5,2,2014
2014-05-10,495,10,5,2,2014
2014-05-11,496,11,5,2,2014
2014-05-12,497,12,5,2,2014
2014-05-13,498,13,5,2,2014
2014-05-14,499,14,5,2,2014
2014-05-15,500,15,5,2,2014
2014-05-16,501,16,5,2,2014
2014-05-17,502,17,5,2,2014
2014-05-18,503,18,5,2,2014
2014-05-19,504,19,5,2,2014
2014-05-20,505,20,5,2,2014
2014-05-21,506,21,5,2,2014
2014-05-22,507,22,5,2,2014
2014-05-23,508,23,5,2,2014
2014-05-24,509,24,5,2,2014
2014-05-25,510,25,5,2,2014
2014-05-26,511,26,5,2,2014
2014-05-27,512,27,5,2,2014
2014-05-28,513,28,5,2,2014
2014-05-29,514,29,5,2,2014
2014-05-30,515,30,5,2,2014
2014-05-31,516,31,5,2,2014
2014-06-01,517,1,6,2,2014
2014-06-02,518,2,6,2,2014
2014-06-03,519,3,6,2,2014
2014-06-04,520,4,6,2,2014
2014-06-05,521,5,6,2,2014
2014-06-06,522,6,6,2,2014
2014-06-07,523,7,6,2,2014
2014-06-08,524,8,6,2,2014
2014-06-09,525,9,6,2,2014
2014-06-10,526,10,6,2,2014
2014-06-11,527,11,6,2,2014
2014-06-12,528,12,6,2,2014
2014-06-13,529,13,6,2,2014
2014-06-14,530,14,6,2,2014
2014-06-15,531,15,6,2,2014
2014-06-16,532,16,6,2,2014
2014-06-17,533,17,6,2,2014
2014-06-18,534,18,6,2,2014
2014-06-19,535,19,6,2,2014
2014-06-20,536,20,6,2,2014
2014-06-21,537,21,6,2,2014
2014-06-22,538,22,6,2,2014
2014-06-23,539,23,6,2,2014
2014-06-24,540,24,6,2,2014
2014-06-25,541,25,6,2,2014
2014-06-26,542,26,6,2,2014
2014-06-27,543,27,6,2,2014
2014-06-28,544,28,6,2,2014
2014-06-29,545,29,6,2,2014
2014-06-30,546,30,6,2,2014
2014-07-01,547,1,7,3,2014
2014-07-02,548,2,7,3,2014
2014-07-03,549,3,7,3,2014
2014-07-04,550,4,7,3,2014
2014-07-05,551,5,7,3,2014
2014-07-06,552,6,7,3,2014
2014-07-07,553,7,7,3,2014
2014-07-08,554,8,7,3,2014
2014-07-09,555,9,7,3,2014
2014-07-10,556,10,7,3,2014
2014-07-11,557,11,7,3,2014
2014-07-12,558,12,7,3,2014
2014-07-13,559,13,7,3,2014
2014-07-14,560,14,7,3,2014
2014-07-15,561,15,7,3,2014
2014-07-16,562,16,7,3,2014
2014-07-17,563,17,7,3,2014
2014-07-18,564,18,7,3,2014
2014-07-19,565,19,7,3,2014
2014-07-20,566,20,7,3,2014
2014-07-21,567,21,7,3,2014
2014-07-22,568,22,7,3,2014
2014-07-23,569,23,7,3,2014
2014-07-24,570,24,7,3,2014
2014-07-25,571,25,7,3,2014
2014-07-26,572,26,7,3,2014
2014-07-27,573,27,7,3,2014
2014-07-28,574,28,7,3,2014
2014-07-29,575,29,7,3,2014
2014-07-30,576,30,7,3,2014
2014-07-31,577,31,7,3,2014
2014-08-01,578,1,8,3,2014
2014-08-02,579,2,8,3,2014
2014-08-03,580,3,8,3,2014
2014-08-04,581,4,8,3,2014
2014-08-05,582,5,8,3,2014
2014-08-06,583,6,8,3,2014
2014-08-07,584,7,8,3,2014
2014-08-08,585,8,8,3,2014
2014-08-09,586,9,8,3,2014
2014-08-10,587,10,8,3,2014
2014-08-11,588,11,8,3,2014
2014-08-12,589,12,8,3,2014
2014-08-13,590,13,8,3,2014
2014-08-14,591,14,8,3,2014
2014-08-15,592,15,8,3,2014
2014-08-16,593,16,8,3,2014
2014-08-17,594,17,8,3,2014
2014-08-18,595,18,8,3,2014
2014-08-19,596,19,8,3,2014
2014-08-20,597,20,8,3,2014
2014-08-21,598,21,8,3,2014
2014-08-22,599,22,8,3,2014
2014-08-23,600,23,8,3,2014
2014-08-24,601,24,8,3,2014
2014-08-25,602,25,8,3,2014
2014-08-26,603,26,8,3,2014
2014-08-27,604,27,8,3,2014
2014-08-28,605,28,8,3,2014
2014-08-29,606,29,8,3,2014
2014-08-30,607,30,8,3,2014
2014-08-31,608,31,8,3,2014
2014-09-01,609,1,9,3,2014
2014-09-02,610,2,9,3,2014
2014-09-03,611,3,9,3,2014
2014-09-04,612,4,9,3,2014
2014-09-05,613,5,9,3,2014
2014-09-06,614,6,9,3,2014
2014-09-07,615,7,9,3,2014
2014-09-08,616,8,9,3,2014
2014-09-09,617,9,9,3,2014
2014-09-10,618,10,9,3,2014
2014-09-11,619,11,9,3,2014
2014-09-12,620,12,9,3,2014
2014-09-13,621,13,9,3,2014
2014-09-14,622,14,9,3,2014
2014-09-15,623,15,9,3,2014
2014-09-16,624,16,9,3,2014
2014-09-17,625,17,9,3,2014
2014-09-18,626,18,9,3,2014
2014-09-19,627,19,9,3,2014
2014-09-20,628,20,9,3,2014
2014-09-21,629,21,9,3,2014
2014-09-22,630,22,9,3,2014
2014-09-23,631,23,9,3,2014
2014-09-24,632,24,9,3,2014
2014-09-25,633,25,9,3,2014
2014-09-26,634,26,9,3,2014
2014-09-27,635,27,9,3,2014
2014-09-28,636,28,9,3,2014
2014-09-29,637,29,9,3,2014
2014-09-30,638,30,9,3,2014
2014-10-01,639,1,10,4,2014
2014-10-02,640,2,10,4,2014
2014-10-03,641,3,10,4,2014
2014-10-04,642,4,10,4,2014
2014-10-05,643,5,10,4,2014
2014-10-06,644,6,10,4,2014
2014-10-07,645,7,10,4,2014
2014-10-08,646,8,10,4,2014
2014-10-09,647,9,10,4,2014
2014-10-10,648,10,10,4,2014
2014-10-11,649,11,10,4,2014
2014-10-12,650,12,10,4,2014
2014-10-13,651,13,10,4,2014
2014-10-14,652,14,10,4,2014
2014-10-15,653,15,10,4,2014
2014-10-16,654,16,10,4,2014
2014-10-17,655,17,10,4,2014
2014-10-18,656,18,10,4,2014
2014-10-19,657,19,10,4,2014
2014-10-20,658,20,10,4,2014
2014-10-21,659,21,10,4,2014
2014-10-22,660,22,10,4,2014
2014-10-23,661,23,10,4,2014
2014-10-24,662,24,10,4,2014
2014-10-25,663,25,10,4,2014
2014-10-26,664,26,10,4,2014
2014-10-27,665,27,10,4,2014
2014-10-28,666,28,10,4,2014
2014-10-29,667,29,10,4,2014
2014-10-30,668,30,10,4,2014
2014-10-31,669,31,10,4,2014
2014-11-01,670,1,11,4,2014
2014-11-02,671,2,11,4,2014
2014-11-03,672,3,11,4,2014
2014-11-04,673,4,11,4,2014
2014-11-05,674,5,11,4,2014
2014-11-06,675,6,11,4,2014
2014-11-07,676,7,11,4,2014
2014-11-08,677,8,11,4,2014
2014-11-09,678,9,11,4,2014
2014-11-10,679,10,11,4,2014
2014-11-11,680,11,11,4,2014
2014-11-12,681,12,11,4,2014
2014-11-13,682,13,11,4,2014
2014-11-14,683,14,11,4,2014
2014-11-15,684,15,11,4,2014
2014-11-16,685,16,11,4,2014
2014-11-17,686,17,11,4,2014
2014-11-18,687,18,11,4,2014
2014-11-19,688,19,11,4,2014
2014-11-20,689,20,11,4,2014
2014-11-21,690,21,11,4,2014
2014-11-22,691,22,11,4,2014
2014-11-23,692,23,11,4,2014
2014-11-24,693,24,11,4,2014
2014-11-25,694,25,11,4,2014
2014-11-26,695,26,11,4,2014
2014-11-27,696,27,11,4,2014
2014-11-28,697,28,11,4,2014
2014-11-29,698,29,11,4,2014
2014-11-30,699,30,11,4,2014
2014-12-01,700,1,12,4,2014
2014-12-02,701,2,12,4,2014
2014-12-03,702,3,12,4,2014
2014-12-04,703,4,12,4,2014
2014-12-05,704,5,12,4,2014
2014-12-06,705,6,12,4,2014
2014-12-07,706,7,12,4,2014
2014-12-08,707,8,12,4,2014
2014-12-09,708,9,12,4,2014
2014-12-10,709,10,12,4,2014
2014-12-11,710,11,12,4,2014
2014-12-12,711,12,12,4,2014
2014-12-13,712,13,12,4,2014
2014-12-14,713,14,12,4,2014
2014-12-15,714,15,12,4,2014
2014-12-16,715,16,12,4,2014
2014-12-17,716,17,12,4,2014
2014-12-18,717,18,12,4,2014
2014-12-19,718,19,12,4,2014
2014-12-20,719,20,12,4,2014
2014-12-21,720,21,12,4,2014
2014-12-22,721,22,12,4,2014
2014-12-23,722,23,12,4,2014
2014-12-24,723,24,12,4,2014
2014-12-25,724,25,12,4,2014
2014-12-26,725,26,12,4,2014
2014-12-27,726,27,12,4,2014
2014-12-28,727,28,12,4,2014
2014-12-29,728,29,12,4,2014
2014-12-30,729,30,12,4,2014
2014-12-31,730,31,12,4,2014
2015-01-01,731,1,1,1,2015
2015-01-02,732,2,1,1,2015
2015-01-03,733,3,1,1,2015
2015-01-04,734,4,1,1,2015
2015-01-05,735,5,1,1,2015
2015-01-06,736,6,1,1,2015
2015-01-07,737,7,1,1,2015
2015-01-08,738,8,1,1,2015
2015-01-09,739,9,1,1,2015
2015-01-10,740,10,1,1,2015
2015-01-11,741,11,1,1,2015
2015-01-12,742,12,1,1,2015
2015-01-13,743,13,1,1,2015
2015-01-14,744,14,1,1,2015
2015-01-15,745,15,1,1,2015
2015-01-16,746,16,1,1,2015
2015-01-17,747,17,1,1,2015
2015-01-18,748,18,1,1,2015
2015-01-19,749,19,1,1,2015
2015-01-20,750,20,1,1,2015
2015-01-21,751,21,1,1,2015
2015-01-22,752,22,1,1,2015
2015-01-23,753,23,1,1,2015
2015-01-24,754,24,1,1,2015
2015-01-25,755,25,1,1,2015
2015-01-26,756,26,1,1,2015
2015-01-27,757,27,1,1,2015
2015-01-28,758,28,1,1,2015
2015-01-29,759,29,1,1,2015
2015-01-30,760,30,1,1,2015
2015-01-31,761,31,1,1,2015
2015-02-01,762,1,2,1,2015
2015-02-02,763,2,2,1,2015
2015-02-03,764,3,2,1,2015
2015-02-04,765,4,2,1,2015
2015-02-05,766,5,2,1,2015
2015-02-06,767,6,2,1,2015
2015-02-07,768,7,2,1,2015
2015-02-08,769,8,2,1,2015
2015-02-09,770,9,2,1,2015
2015-02-10,771,10,2,1,2015
2015-02-11,772,11,2,1,2015
2015-02-12,773,12,2,1,2015
2015-02-13,774,13,2,1,2015
2015-02-14,775,14,2,1,2015
2015-02-15,776,15,2,1,2015
2015-02-16,777,16,2,1,2015
2015-02-17,778,17,2,1,2015
2015-02-18,779,18,2,1,2015
2015-02-19,780,19,2,1,2015
2015-02-20,781,20,2,1,2015
2015-02-21,782,21,2,1,2015
2015-02-22,783,22,2,1,2015
2015-02-23,784,23,2,1,2015
2015-02-24,785,24,2,1,2015
2015-02-25,786,25,2,1,2015
2015-02-26,787,26,2,1,2015
2015-02-27,788,27,2,1,2015
2015-02-28,789,28,2,1,2015
2015-03-01,790,1,3,1,2015
2015-03-02,791,2,3,1,2015
2015-03-03,792,3,3,1,2015
2015-03-04,793,4,3,1,2015
2015-03-05,794,5,3,1,2015
2015-03-06,795,6,3,1,2015
2015-03-07,796,7,3,1,2015
2015-03-08,797,8,3,1,2015
2015-03-09,798,9,3,1,2015
2015-03-10,799,10,3,1,2015
2015-03-11,800,11,3,1,2015
2015-03-12,801,12,3,1,2015
2015-03-13,802,13,3,1,2015
2015-03-14,803,14,3,1,2015
2015-03-15,804,15,3,1,2015
2015-03-16,805,16,3,1,2015
2015-03-17,806,17,3,1,2015
2015-03-18,807,18,3,1,2015
2015-03-19,808,19,3,1,2015
2015-03-20,809,20,3,1,2015
2015-03-21,810,21,3,1,2015
2015-03-22,811,22,3,1,2015
2015-03-23,812,23,3,1,2015
2015-03-24,813,24,3,1,2015
2015-03-25,814,25,3,1,2015
2015-03-26,815,26,3,1,2015
2015-03-27,816,27,3,1,2015
2015-03-28,817,28,3,1,2015
2015-03-29,818,29,3,1,2015
2015-03-30,819,30,3,1,2015
2015-03-31,820,31,3,1,2015
2015-04-01,821,1,4,2,2015
2015-04-02,822,2,4,2,2015
2015-04-03,823,3,4,2,2015
2015-04-04,824,4,4,2,2015
2015-04-05,825,5,4,2,2015
2015-04-06,826,6,4,2,2015
2015-04-07,827,7,4,2,2015
2015-04-08,828,8,4,2,2015
2015-04-09,829,9,4,2,2015
2015-04-10,830,10,4,2,2015
2015-04-11,831,11,4,2,2015
2015-04-12,832,12,4,2,2015
2015-04-13,833,13,4,2,2015
2015-04-14,834,14,4,2,2015
2015-04-15,835,15,4,2,2015
2015-04-16,836,16,4,2,2015
2015-04-17,837,17,4,2,2015
2015-04-18,838,18,4,2,2015
2015-04-19,839,19,4,2,2015
2015-04-20,840,20,4,2,2015
2015-04-21,841,21,4,2,2015
2015-04-22,842,22,4,2,2015
2015-04-23,843,23,4,2,2015
2015-04-24,844,24,4,2,2015
2015-04-25,845,25,4,2,2015
2015-04-26,846,26,4,2,2015
2015-04-27,847,27,4,2,2015
2015-04-28,848,28,4,2,2015
2015-04-29,849,29,4,2,2015
2015-04-30,850,30,4,2,2015
2015-05-01,851,1,5,2,2015
2015-05-02,852,2,5,2,2015
2015-05-03,853,3,5,2,2015
2015-05-04,854,4,5,2,2015
2015-05-05,855,5,5,2,2015
2015-05-06,856,6,5,2,2015
2015-05-07,857,7,5,2,2015
2015-05-08,858,8,5,2,2015
2015-05-09,859,9,5,2,2015
2015-05-10,860,10,5,2,2015
2015-05-11,861,11,5,2,2015
2015-05-12,862,12,5,2,2015
2015-05-13,863,13,5,2,2015
2015-05-14,864,14,5,2,2015
2015-05-15,865,15,5,2,2015
2015-05-16,866,16,5,2,2015
2015-05-17,867,17,5,2,2015
2015-05-18,868,18,5,2,2015
2015-05-19,869,19,5,2,2015
2015-05-20,870,20,5,2,2015
2015-05-21,871,21,5,2,2015
2015-05-22,872,22,5,2,2015
2015-05-23,873,23,5,2,2015
2015-05-24,874,24,5,2,2015
2015-05-25,875,25,5,2,2015
2015-05-26,876,26,5,2,2015
2015-05-27,877,27,5,2,2015
2015-05-28,878,28,5,2,2015
2015-05-29,879,29,5,2,2015
2015-05-30,880,30,5,2,2015
2015-05-31,881,31,5,2,2015
2015-06-01,882,1,6,2,2015
2015-06-02,883,2,6,2,2015
2015-06-03,884,3,6,2,2015
2015-06-04,885,4,6,2,2015
2015-06-05,886,5,6,2,2015
2015-06-06,887,6,6,2,2015
2015-06-07,888,7,6,2,2015
2015-06-08,889,8,6,2,2015
2015-06-09,890,9,6,2,2015
2015-06-10,891,10,6,2,2015
2015-06-11,892,11,6,2,2015
2015-06-12,893,12,6,2,2015
2015-06-13,894,13,6,2,2015
2015-06-14,895,14,6,2,2015
2015-06-15,896,15,6,2,2015
2015-06-16,897,16,6,2,2015
2015-06-17,898,17,6,2,2015
2015-06-18,899,18,6,2,2015
2015-06-19,900,19,6,2,2015
2015-06-20,901,20,6,2,2015
2015-06-21,902,21,6,2,2015
2015-06-22,903,22,6,2,2015
2015-06-23,904,23,6,2,2015
2015-06-24,905,24,6,2,2015
2015-06-25,906,25,6,2,2015
2015-06-26,907,26,6,2,2015
2015-06-27,908,27,6,2,2015
2015-06-28,909,28,6,2,2015
2015-06-29,910,29,6,2,2015
2015-06-30,911,30,6,2,2015
2015-07-01,912,1,7,3,2015
2015-07-02,913,2,7,3,2015
2015-07-03,914,3,7,3,2015
2015-07-04,915,4,7,3,2015
2015-07-05,916,5,7,3,2015
2015-07-06,917,6,7,3,2015
2015-07-07,918,7,7,3,2015
2015-07-08,919,8,7,3,2015
2015-07-09,920,9,7,3,2015
2015-07-10,921,10,7,3,2015
2015-07-11,922,11,7,3,2015
2015-07-12,923,12,7,3,2015
2015-07-13,924,13,7,3,2015
2015-07-14,925,14,7,3,2015
2015-07-15,926,15,7,3,2015
2015-07-16,927,16,7,3,2015
2015-07-17,928,17,7,3,2015
2015-07-18,929,18,7,3,2015
2015-07-19,930,19,7,3,2015
2015-07-20,931,20,7,3,2015
2015-07-21,932,21,7,3,2015
2015-07-22,933,22,7,3,2015
2015-07-23,934,23,7,3,2015
2015-07-24,935,24,7,3,2015
2015-07-25,936,25,7,3,2015
2015-07-26,937,26,7,3,2015
2015-07-27,938,27,7,3,2015
2015-07-28,939,28,7,3,2015
2015-07-29,940,29,7,3,2015
2015-07-30,941,30,7,3,2015
2015-07-31,942,31,7,3,2015
2015-08-01,943,1,8,3,2015
2015-08-02,944,2,8,3,2015
2015-08-03,945,3,8,3,2015
2015-08-04,946,4,8,3,2015
2015-08-05,947,5,8,3,2015
2015-08-06,948,6,8,3,2015
2015-08-07,949,7,8,3,2015
2015-08-08,950,8,8,3,2015
2015-08-09,951,9,8,3,2015
2015-08-10,952,10,8,3,2015
2015-08-11,953,11,8,3,2015
2015-08-12,954,12,8,3,2015
2015-08-13,955,13,8,3,2015
2015-08-14,956,14,8,3,2015
2015-08-15,957,15,8,3,2015
2015-08-16,958,16,8,3,2015
2015-08-17,959,17,8,3,2015
2015-08-18,960,18,8,3,2015
2015-08-19,961,19,8,3,2015
2015-08-20,962,20,8,3,2015
2015-08-21,963,21,8,3,2015
2015-08-22,964,22,8,3,2015
2015-08-23,965,23,8,3,2015
2015-08-24,966,24,8,3,2015
2015-08-25,967,25,8,3,2015
2015-08-26,968,26,8,3,2015
2015-08-27,969,27,8,3,2015
2015-08-28,970,28,8,3,2015
2015-08-29,971,29,8,3,2015
2015-08-30,972,30,8,3,2015
2015-08-31,973,31,8,3,2015
2015-09-01,974,1,9,3,2015
2015-09-02,975,2,9,3,2015
2015-09-03,976,3,9,3,2015
2015-09-04,977,4,9,3,2015
2015-09-05,978,5,9,3,2015
2015-09-06,979,6,9,3,2015
2015-09-07,980,7,9,3,2015
2015-09-08,981,8,9,3,2015
2015-09-09,982,9,9,3,2015
2015-09-10,983,10,9,3,2015
2015-09-11,984,11,9,3,2015
2015-09-12,985,12,9,3,2015
2015-09-13,986,13,9,3,2015
2015-09-14,987,14,9,3,2015
2015-09-15,988,15,9,3,2015
2015-09-16,989,16,9,3,2015
2015-09-17,990,17,9,3,2015
2015-09-18,991,18,9,3,2015
2015-09-19,992,19,9,3,2015
2015-09-20,993,20,9,3,2015
2015-09-21,994,21,9,3,2015
2015-09-22,995,22,9,3,2015
2015-09-23,996,23,9,3,2015
2015-09-24,997,24,9,3,2015
2015-09-25,998,25,9,3,2015
2015-09-26,999,26,9,3,2015
2015-09-27,1000,27,9,3,2015
2015-09-28,1001,28,9,3,2015
2015-09-29,1002,29,9,3,2015
2015-09-30,1003,30,9,3,2015
2015-10-01,1004,1,10,4,2015
2015-10-02,1005,2,10,4,2015
2015-10-03,1006,3,10,4,2015
2015-10-04,1007,4,10,4,2015
2015-10-05,1008,5,10,4,2015
2015-10-06,1009,6,10,4,2015
2015-10-07,1010,7,10,4,2015
2015-10-08,1011,8,10,4,2015
2015-10-09,1012,9,10,4,2015
2015-10-10,1013,10,10,4,2015
2015-10-11,1014,11,10,4,2015
2015-10-12,1015,12,10,4,2015
2015-10-13,1016,13,10,4,2015
2015-10-14,1017,14,10,4,2015
2015-10-15,1018,15,10,4,2015
2015-10-16,1019,16,10,4,2015
2015-10-17,1020,17,10,4,2015
2015-10-18,1021,18,10,4,2015
2015-10-19,1022,19,10,4,2015
2015-10-20,1023,20,10,4,2015
2015-10-21,1024,21,10,4,2015
2015-10-22,1025,22,10,4,2015
2015-10-23,1026,23,10,4,2015
2015-10-24,1027,24,10,4,2015
2015-10-25,1028,25,10,4,2015
2015-10-26,1029,26,10,4,2015
2015-10-27,1030,27,10,4,2015
2015-10-28,1031,28,10,4,2015
2015-10-29,1032,29,10,4,2015
2015-10-30,1033,30,10,4,2015
2015-10-31,1034,31,10,4,2015
2015-11-01,1035,1,11,4,2015
2015-11-02,1036,2,11,4,2015
2015-11-03,1037,3,11,4,2015
2015-11-04,1038,4,11,4,2015
2015-11-05,1039,5,11,4,2015
2015-11-06,1040,6,11,4,2015
2015-11-07,1041,7,11,4,2015
2015-11-08,1042,8,11,4,2015
2015-11-09,1043,9,11,4,2015
2015-11-10,1044,10,11,4,2015
2015-11-11,1045,11,11,4,2015
2015-11-12,1046,12,11,4,2015
2015-11-13,1047,13,11,4,2015
2015-11-14,1048,14,11,4,2015
2015-11-15,1049,15,11,4,2015
2015-11-16,1050,16,11,4,2015
2015-11-17,1051,17,11,4,2015
2015-11-18,1052,18,11,4,2015
2015-11-19,1053,19,11,4,2015
2015-11-20,1054,20,11,4,2015
2015-11-21,1055,21,11,4,2015
2015-11-22,1056,22,11,4,2015
2015-11-23,1057,23,11,4,2015
2015-11-24,1058,24,11,4,2015
2015-11-25,1059,25,11,4,2015
2015-11-26,1060,26,11,4,2015
2015-11-27,1061,27,11,4,2015
2015-11-28,1062,28,11,4,2015
2015-11-29,1063,29,11,4,2015
2015-11-30,1064,30,11,4,2015
2015-12-01,1065,1,12,4,2015
2015-12-02,1066,2,12,4,2015
2015-12-03,1067,3,12,4,2015
2015-12-04,1068,4,12,4,2015
2015-12-05,1069,5,12,4,2015
2015-12-06,1070,6,12,4,2015
2015-12-07,1071,7,12,4,2015
2015-12-08,1072,8,12,4,2015
2015-12-09,1073,9,12,4,2015
2015-12-10,1074,10,12,4,2015
2015-12-11,1075,11,12,4,2015
2015-12-12,1076,12,12,4,2015
2015-12-13,1077,13,12,4,2015
2015-12-14,1078,14,12,4,2015
2015-12-15,1079,15,12,4,2015
2015-12-16,1080,16,12,4,2015
2015-12-17,1081,17,12,4,2015
2015-12-18,1082,18,12,4,2015
2015-12-19,1083,19,12,4,2015
2015-12-20,1084,20,12,4,2015
2015-12-21,1085,21,12,4,2015
2015-12-22,1086,22,12,4,2015
2015-12-23,1087,23,12,4,2015
2015-12-24,1088,24,12,4,2015
2015-12-25,1089,25,12,4,2015
2015-12-26,1090,26,12,4,2015
2015-12-27,1091,27,12,4,2015
2015-12-28,1092,28,12,4,2015
2015-12-29,1093,29,12,4,2015
2015-12-30,1094,30,12,4,2015
2015-12-31,1095,31,12,4,2015
2016-01-01,1096,1,1,1,2016
2016-01-02,1097,2,1,1,2016
2016-01-03,1098,3,1,1,2016
2016-01-04,1099,4,1,1,2016
2016-01-05,1100,5,1,1,2016
2016-01-06,1101,6,1,1,2016
2016-01-07,1102,7,1,1,2016
2016-01-08,1103,8,1,1,2016
2016-01-09,1104,9,1,1,2016
2016-01-10,1105,10,1,1,2016
2016-01-11,1106,11,1,1,2016
2016-01-12,1107,12,1,1,2016
2016-01-13,1108,13,1,1,2016
2016-01-14,1109,14,1,1,2016
2016-01-15,1110,15,1,1,2016
2016-01-16,1111,16,1,1,2016
2016-01-17,1112,17,1,1,2016
2016-01-18,1113,18,1,1,2016
2016-01-19,1114,19,1,1,2016
2016-01-20,1115,20,1,1,2016
2016-01-21,1116,21,1,1,2016
2016-01-22,1117,22,1,1,2016
2016-01-23,1118,23,1,1,2016
2016-01-24,1119,24,1,1,2016
2016-01-25,1120,25,1,1,2016
2016-01-26,1121,26,1,1,2016
2016-01-27,1122,27,1,1,2016
2016-01-28,1123,28,1,1,2016
2016-01-29,1124,29,1,1,2016
2016-01-30,1125,30,1,1,2016
2016-01-31,1126,31,1,1,2016
2016-02-01,1127,1,2,1,2016
2016-02-02,1128,2,2,1,2016
2016-02-03,1129,3,2,1,2016
2016-02-04,1130,4,2,1,2016
2016-02-05,1131,5,2,1,2016
2016-02-06,1132,6,2,1,2016
2016-02-07,1133,7,2,1,2016
2016-02-08,1134,8,2,1,2016
2016-02-09,1135,9,2,1,2016
2016-02-10,1136,10,2,1,2016
2016-02-11,1137,11,2,1,2016
2016-02-12,1138,12,2,1,2016
2016-02-13,1139,13,2,1,2016
2016-02-14,1140,14,2,1,2016
2016-02-15,1141,15,2,1,2016
2016-02-16,1142,16,2,1,2016
2016-02-17,1143,17,2,1,2016
2016-02-18,1144,18,2,1,2016
2016-02-19,1145,19,2,1,2016
2016-02-20,1146,20,2,1,2016
2016-02-21,1147,21,2,1,2016
2016-02-22,1148,22,2,1,2016
2016-02-23,1149,23,2,1,2016
2016-02-24,1150,24,2,1,2016
2016-02-25,1151,25,2,1,2016
2016-02-26,1152,26,2,1,2016
2016-02-27,1153,27,2,1,2016
2016-02-28,1154,28,2,1,2016
2016-02-29,1155,29,2,1,2016
2016-03-01,1156,1,3,1,2016
2016-03-02,1157,2,3,1,2016
2016-03-03,1158,3,3,1,2016
2016-03-04,1159,4,3,1,2016
2016-03-05,1160,5,3,1,2016
2016-03-06,1161,6,3,1,2016
2016-03-07,1162,7,3,1,2016
2016-03-08,1163,8,3,1,2016
2016-03-09,1164,9,3,1,2016
2016-03-10,1165,10,3,1,2016
2016-03-11,1166,11,3,1,2016
2016-03-12,1167,12,3,1,2016
2016-03-13,1168,13,3,1,2016
2016-03-14,1169,14,3,1,2016
2016-03-15,1170,15,3,1,2016
2016-03-16,1171,16,3,1,2016
2016-03-17,1172,17,3,1,2016
2016-03-18,1173,18,3,1,2016
2016-03-19,1174,19,3,1,2016
2016-03-20,1175,20,3,1,2016
2016-03-21,1176,21,3,1,2016
2016-03-22,1177,22,3,1,2016
2016-03-23,1178,23,3,1,2016
2016-03-24,1179,24,3,1,2016
2016-03-25,1180,25,3,1,2016
2016-03-26,1181,26,3,1,2016
2016-03-27,1182,27,3,1,2016
2016-03-28,1183,28,3,1,2016
2016-03-29,1184,29,3,1,2016
2016-03-30,1185,30,3,1,2016
2016-03-31,1186,31,3,1,2016
2016-04-01,1187,1,4,2,2016
2016-04-02,1188,2,4,2,2016
2016-04-03,1189,3,4,2,2016
2016-04-04,1190,4,4,2,2016
2016-04-05,1191,5,4,2,2016
2016-04-06,1192,6,4,2,2016
2016-04-07,1193,7,4,2,2016
2016-04-08,1194,8,4,2,2016
2016-04-09,1195,9,4,2,2016
2016-04-10,1196,10,4,2,2016
2016-04-11,1197,11,4,2,2016
2016-04-12,1198,12,4,2,2016
2016-04-13,1199,13,4,2,2016
2016-04-14,1200,14,4,2,2016
2016-04-15,1201,15,4,2,2016
2016-04-16,1202,16,4,2,2016
2016-04-17,1203,17,4,2,2016
2016-04-18,1204,18,4,2,2016
2016-04-19,1205,19,4,2,2016
2016-04-20,1206,20,4,2,2016
2016-04-21,1207,21,4,2,2016
2016-04-22,1208,22,4,2,2016
2016-04-23,1209,23,4,2,2016
2016-04-24,1210,24,4,2,2016
2016-04-25,1211,25,4,2,2016
2016-04-26,1212,26,4,2,2016
2016-04-27,1213,27,4,2,2016
2016-04-28,1214,28,4,2,2016
2016-04-29,1215,29,4,2,2016
2016-04-30,1216,30,4,2,2016
2016-05-01,1217,1,5,2,2016
2016-05-02,1218,2,5,2,2016
2016-05-03,1219,3,5,2,2016
2016-05-04,1220,4,5,2,2016
2016-05-05,1221,5,5,2,2016
2016-05-06,1222,6,5,2,2016
2016-05-07,1223,7,5,2,2016
2016-05-08,1224,8,5,2,2016
2016-05-09,1225,9,5,2,2016
2016-05-10,1226,10,5,2,2016
2016-05-11,1227,11,5,2,2016
2016-05-12,1228,12,5,2,2016
2016-05-13,1229,13,5,2,2016
2016-05-14,1230,14,5,2,2016
2016-05-15,1231,15,5,2,2016
2016-05-16,1232,16,5,2,2016
2016-05-17,1233,17,5,2,2016
2016-05-18,1234,18,5,2,2016
2016-05-19,1235,19,5,2,2016
2016-05-20,1236,20,5,2,2016
2016-05-21,1237,21,5,2,2016
2016-05-22,1238,22,5,2,2016
2016-05-23,1239,23,5,2,2016
2016-05-24,1240,24,5,2,2016
2016-05-25,1241,25,5,2,2016
2016-05-26,1242,26,5,2,2016
2016-05-27,1243,27,5,2,2016
2016-05-28,1244,28,5,2,2016
2016-05-29,1245,29,5,2,2016
2016-05-30,1246,30,5,2,2016
2016-05-31,1247,31,5,2,2016
2016-06-01,1248,1,6,2,2016
2016-06-02,1249,2,6,2,2016
2016-06-03,1250,3,6,2,2016
2016-06-04,1251,4,6,2,2016
2016-06-05,1252,5,6,2,2016
2016-06-06,1253,6,6,2,2016
2016-06-07,1254,7,6,2,2016
2016-06-08,1255,8,6,2,2016
2016-06-09,1256,9,6,2,2016
2016-06-10,1257,10,6,2,2016
2016-06-11,1258,11,6,2,2016
2016-06-12,1259,12,6,2,2016
2016-06-13,1260,13,6,2,2016
2016-06-14,1261,14,6,2,2016
2016-06-15,1262,15,6,2,2016
2016-06-16,1263,16,6,2,2016
2016-06-17,1264,17,6,2,2016
2016-06-18,1265,18,6,2,2016
2016-06-19,1266,19,6,2,2016
2016-06-20,1267,20,6,2,2016
2016-06-21,1268,21,6,2,2016
2016-06-22,1269,22,6,2,2016
2016-06-23,1270,23,6,2,2016
2016-06-24,1271,24,6,2,2016
2016-06-25,1272,25,6,2,2016
2016-06-26,1273,26,6,2,2016
2016-06-27,1274,27,6,2,2016
2016-06-28,1275,28,6,2,2016
2016-06-29,1276,29,6,2,2016
2016-06-30,1277,30,6,2,2016
2016-07-01,1278,1,7,3,2016
2016-07-02,1279,2,7,3,2016
2016-07-03,1280,3,7,3,2016
2016-07-04,1281,4,7,3,2016
2016-07-05,1282,5,7,3,2016
2016-07-06,1283,6,7,3,2016
2016-07-07,1284,7,7,3,2016
2016-07-08,1285,8,7,3,2016
2016-07-09,1286,9,7,3,2016
2016-07-10,1287,10,7,3,2016
2016-07-11,1288,11,7,3,2016
2016-07-12,1289,12,7,3,2016
2016-07-13,1290,13,7,3,2016
2016-07-14,1291,14,7,3,2016
2016-07-15,1292,15,7,3,2016
2016-07-16,1293,16,7,3,2016
2016-07-17,1294,17,7,3,2016
2016-07-18,1295,18,7,3,2016
2016-07-19,1296,19,7,3,2016
2016-07-20,1297,20,7,3,2016
2016-07-21,1298,21,7,3,2016
2016-07-22,1299,22,7,3,2016
2016-07-23,1300,23,7,3,2016
2016-07-24,1301,24,7,3,2016
2016-07-25,1302,25,7,3,2016
2016-07-26,1303,26,7,3,2016
2016-07-27,1304,27,7,3,2016
2016-07-28,1305,28,7,3,2016
2016-07-29,1306,29,7,3,2016
2016-07-30,1307,30,7,3,2016
2016-07-31,1308,31,7,3,2016
2016-08-01,1309,1,8,3,2016
2016-08-02,1310,2,8,3,2016
2016-08-03,1311,3,8,3,2016
2016-08-04,1312,4,8,3,2016
2016-08-05,1313,5,8,3,2016
2016-08-06,1314,6,8,3,2016
2016-08-07,1315,7,8,3,2016
2016-08-08,1316,8,8,3,2016
2016-08-09,1317,9,8,3,2016
2016-08-10,1318,10,8,3,2016
2016-08-11,1319,11,8,3,2016
2016-08-12,1320,12,8,3,2016
2016-08-13,1321,13,8,3,2016
2016-08-14,1322,14,8,3,2016
2016-08-15,1323,15,8,3,2016
2016-08-16,1324,16,8,3,2016
2016-08-17,1325,17,8,3,2016
2016-08-18,1326,18,8,3,2016
2016-08-19,1327,19,8,3,2016
2016-08-20,1328,20,8,3,2016
2016-08-21,1329,21,8,3,2016
2016-08-22,1330,22,8,3,2016
2016-08-23,1331,23,8,3,2016
2016-08-24,1332,24,8,3,2016
2016-08-25,1333,25,8,3,2016
2016-08-26,1334,26,8,3,2016
2016-08-27,1335,27,8,3,2016
2016-08-28,1336,28,8,3,2016
2016-08-29,1337,29,8,3,2016
2016-08-30,1338,30,8,3,2016
2016-08-31,1339,31,8,3,2016
2016-09-01,1340,1,9,3,2016
2016-09-02,1341,2,9,3,2016
2016-09-03,1342,3,9,3,2016
2016-09-04,1343,4,9,3,2016
2016-09-05,1344,5,9,3,2016
2016-09-06,1345,6,9,3,2016
2016-09-07,1346,7,9,3,2016
2016-09-08,1347,8,9,3,2016
2016-09-09,1348,9,9,3,2016
2016-09-10,1349,10,9,3,2016
2016-09-11,1350,11,9,3,2016
2016-09-12,1351,12,9,3,2016
2016-09-13,1352,13,9,3,2016
2016-09-14,1353,14,9,3,2016
2016-09-15,1354,15,9,3,2016
2016-09-16,1355,16,9,3,2016
2016-09-17,1356,17,9,3,2016
2016-09-18,1357,18,9,3,2016
2016-09-19,1358,19,9,3,2016
2016-09-20,1359,20,9,3,2016
2016-09-21,1360,21,9,3,2016
2016-09-22,1361,22,9,3,2016
2016-09-23,1362,23,9,3,2016
2016-09-24,1363,24,9,3,2016
2016-09-25,1364,25,9,3,2016
2016-09-26,1365,26,9,3,2016
2016-09-27,1366,27,9,3,2016
2016-09-28,1367,28,9,3,2016
2016-09-29,1368,29,9,3,2016
2016-09-30,1369,30,9,3,2016
2016-10-01,1370,1,10,4,2016
2016-10-02,1371,2,10,4,2016
2016-10-03,1372,3,10,4,2016
2016-10-04,1373,4,10,4,2016
2016-10-05,1374,5,10,4,2016
2016-10-06,1375,6,10,4,2016
2016-10-07,1376,7,10,4,2016
2016-10-08,1377,8,10,4,2016
2016-10-09,1378,9,10,4,2016
2016-10-10,1379,10,10,4,2016
2016-10-11,1380,11,10,4,2016
2016-10-12,1381,12,10,4,2016
2016-10-13,1382,13,10,4,2016
2016-10-14,1383,14,10,4,2016
2016-10-15,1384,15,10,4,2016
2016-10-16,1385,16,10,4,2016
2016-10-17,1386,17,10,4,2016
2016-10-18,1387,18,10,4,2016
2016-10-19,1388,19,10,4,2016
2016-10-20,1389,20,10,4,2016
2016-10-21,1390,21,10,4,2016
2016-10-22,1391,22,10,4,2016
2016-10-23,1392,23,10,4,2016
2016-10-24,1393,24,10,4,2016
2016-10-25,1394,25,10,4,2016
2016-10-26,1395,26,10,4,2016
2016-10-27,1396,27,10,4,2016
2016-10-28,1397,28,10,4,2016
2016-10-29,1398,29,10,4,2016
2016-10-30,1399,30,10,4,2016
2016-10-31,1400,31,10,4,2016
2016-11-01,1401,1,11,4,2016
2016-11-02,1402,2,11,4,2016
2016-11-03,1403,3,11,4,2016
2016-11-04,1404,4,11,4,2016
2016-11-05,1405,5,11,4,2016
2016-11-06,1406,6,11,4,2016
2016-11-07,1407,7,11,4,2016
2016-11-08,1408,8,11,4,2016
2016-11-09,1409,9,11,4,2016
2016-11-10,1410,10,11,4,2016
2016-11-11,1411,11,11,4,2016
2016-11-12,1412,12,11,4,2016
2016-11-13,1413,13,11,4,2016
2016-11-14,1414,14,11,4,2016
2016-11-15,1415,15,11,4,2016
2016-11-16,1416,16,11,4,2016
2016-11-17,1417,17,11,4,2016
2016-11-18,1418,18,11,4,2016
2016-11-19,1419,19,11,4,2016
2016-11-20,1420,20,11,4,2016
2016-11-21,1421,21,11,4,2016
2016-11-22,1422,22,11,4,2016
2016-11-23,1423,23,11,4,2016
2016-11-24,1424,24,11,4,2016
2016-11-25,1425,25,11,4,2016
2016-11-26,1426,26,11,4,2016
2016-11-27,1427,27,11,4,2016
2016-11-28,1428,28,11,4,2016
2016-11-29,1429,29,11,4,2016
2016-11-30,1430,30,11,4,2016
2016-12-01,1431,1,12,4,2016
2016-12-02,1432,2,12,4,2016
2016-12-03,1433,3,12,4,2016
2016-12-04,1434,4,12,4,2016
2016-12-05,1435,5,12,4,2016
2016-12-06,1436,6,12,4,2016
2016-12-07,1437,7,12,4,2016
2016-12-08,1438,8,12,4,2016
2016-12-09,1439,9,12,4,2016
2016-12-10,1440,10,12,4,2016
2016-12-11,1441,11,12,4,2016
2016-12-12,1442,12,12,4,2016
2016-12-13,1443,13,12,4,2016
2016-12-14,1444,14,12,4,2016
2016-12-15,1445,15,12,4,2016
2016-12-16,1446,16,12,4,2016
2016-12-17,1447,17,12,4,2016
2016-12-18,1448,18,12,4,2016
2016-12-19,1449,19,12,4,2016
2016-12-20,1450,20,12,4,2016
2016-12-21,1451,21,12,4,2016
2016-12-22,1452,22,12,4,2016
2016-12-23,1453,23,12,4,2016
2016-12-24,1454,24,12,4,2016
2016-12-25,1455,25,12,4,2016
2016-12-26,1456,26,12,4,2016
2016-12-27,1457,27,12,4,2016
2016-12-28,1458,28,12,4,2016
2016-12-29,1459,29,12,4,2016
2016-12-30,1460,30,12,4,2016
2016-12-31,1461,31,12,4,2016
2017-01-01,1462,1,1,1,2017
2017-01-02,1463,2,1,1,2017
2017-01-03,1464,3,1,1,2017
2017-01-04,1465,4,1,1,2017
2017-01-05,1466,5,1,1,2017
2017-01-06,1467,6,1,1,2017
2017-01-07,1468,7,1,1,2017
2017-01-08,1469,8,1,1,2017
2017-01-09,1470,9,1,1,2017
2017-01-10,1471,10,1,1,2017
2017-01-11,1472,11,1,1,2017
2017-01-12,1473,12,1,1,2017
2017-01-13,1474,13,1,1,2017
2017-01-14,1475,14,1,1,2017
2017-01-15,1476,15,1,1,2017
2017-01-16,1477,16,1,1,2017
2017-01-17,1478,17,1,1,2017
2017-01-18,1479,18,1,1,2017
2017-01-19,1480,19,1,1,2017
2017-01-20,1481,20,1,1,2017
2017-01-21,1482,21,1,1,2017
2017-01-22,1483,22,1,1,2017
2017-01-23,1484,23,1,1,2017
2017-01-24,1485,24,1,1,2017
2017-01-25,1486,25,1,1,2017
2017-01-26,1487,26,1,1,2017
2017-01-27,1488,27,1,1,2017
2017-01-28,1489,28,1,1,2017
2017-01-29,1490,29,1,1,2017
2017-01-30,1491,30,1,1,2017
2017-01-31,1492,31,1,1,2017
2017-02-01,1493,1,2,1,2017
2017-02-02,1494,2,2,1,2017
2017-02-03,1495,3,2,1,2017
2017-02-04,1496,4,2,1,2017
2017-02-05,1497,5,2,1,2017
2017-02-06,1498,6,2,1,2017
2017-02-07,1499,7,2,1,2017
2017-02-08,1500,8,2,1,2017
2017-02-09,1501,9,2,1,2017
2017-02-10,1502,10,2,1,2017
2017-02-11,1503,11,2,1,2017
2017-02-12,1504,12,2,1,2017
2017-02-13,1505,13,2,1,2017
2017-02-14,1506,14,2,1,2017
2017-02-15,1507,15,2,1,2017
2017-02-16,1508,16,2,1,2017
2017-02-17,1509,17,2,1,2017
2017-02-18,1510,18,2,1,2017
2017-02-19,1511,19,2,1,2017
2017-02-20,1512,20,2,1,2017
2017-02-21,1513,21,2,1,2017
2017-02-22,1514,22,2,1,2017
2017-02-23,1515,23,2,1,2017
2017-02-24,1516,24,2,1,2017
2017-02-25,1517,25,2,1,2017
2017-02-26,1518,26,2,1,2017
2017-02-27,1519,27,2,1,2017
2017-02-28,1520,28,2,1,2017
2017-03-01,1521,1,3,1,2017
2017-03-02,1522,2,3,1,2017
2017-03-03,1523,3,3,1,2017
2017-03-04,1524,4,3,1,2017
2017-03-05,1525,5,3,1,2017
2017-03-06,1526,6,3,1,2017
2017-03-07,1527,7,3,1,2017
2017-03-08,1528,8,3,1,2017
2017-03-09,1529,9,3,1,2017
2017-03-10,1530,10,3,1,2017
2017-03-11,1531,11,3,1,2017
2017-03-12,1532,12,3,1,2017
2017-03-13,1533,13,3,1,2017
2017-03-14,1534,14,3,1,2017
2017-03-15,1535,15,3,1,2017
2017-03-16,1536,16,3,1,2017
2017-03-17,1537,17,3,1,2017
2017-03-18,1538,18,3,1,2017
2017-03-19,1539,19,3,1,2017
2017-03-20,1540,20,3,1,2017
2017-03-21,1541,21,3,1,2017
2017-03-22,1542,22,3,1,2017
2017-03-23,1543,23,3,1,2017
2017-03-24,1544,24,3,1,2017
2017-03-25,1545,25,3,1,2017
2017-03-26,1546,26,3,1,2017
2017-03-27,1547,27,3,1,2017
2017-03-28,1548,28,3,1,2017
2017-03-29,1549,29,3,1,2017
2017-03-30,1550,30,3,1,2017
2017-03-31,1551,31,3,1,2017
2017-04-01,1552,1,4,2,2017
2017-04-02,1553,2,4,2,2017
2017-04-03,1554,3,4,2,2017
2017-04-04,1555,4,4,2,2017
2017-04-05,1556,5,4,2,2017
2017-04-06,1557,6,4,2,2017
2017-04-07,1558,7,4,2,2017
2017-04-08,1559,8,4,2,2017
2017-04-09,1560,9,4,2,2017
2017-04-10,1561,10,4,2,2017
2017-04-11,1562,11,4,2,2017
2017-04-12,1563,12,4,2,2017
2017-04-13,1564,13,4,2,2017
2017-04-14,1565,14,4,2,2017
2017-04-15,1566,15,4,2,2017
2017-04-16,1567,16,4,2,2017
2017-04-17,1568,17,4,2,2017
2017-04-18,1569,18,4,2,2017
2017-04-19,1570,19,4,2,2017
2017-04-20,1571,20,4,2,2017
2017-04-21,1572,21,4,2,2017
2017-04-22,1573,22,4,2,2017
2017-04-23,1574,23,4,2,2017
2017-04-24,1575,24,4,2,2017
2017-04-25,1576,25,4,2,2017
2017-04-26,1577,26,4,2,2017
2017-04-27,1578,27,4,2,2017
2017-04-28,1579,28,4,2,2017
2017-04-29,1580,29,4,2,2017
2017-04-30,1581,30,4,2,2017
2017-05-01,1582,1,5,2,2017
2017-05-02,1583,2,5,2,2017
2017-05-03,1584,3,5,2,2017
2017-05-04,1585,4,5,2,2017
2017-05-05,1586,5,5,2,2017
2017-05-06,1587,6,5,2,2017
2017-05-07,1588,7,5,2,2017
2017-05-08,1589,8,5,2,2017
2017-05-09,1590,9,5,2,2017
2017-05-10,1591,10,5,2,2017
2017-05-11,1592,11,5,2,2017
2017-05-12,1593,12,5,2,2017
2017-05-13,1594,13,5,2,2017
2017-05-14,1595,14,5,2,2017
2017-05-15,1596,15,5,2,2017
2017-05-16,1597,16,5,2,2017
2017-05-17,1598,17,5,2,2017
2017-05-18,1599,18,5,2,2017
2017-05-19,1600,19,5,2,2017
2017-05-20,1601,20,5,2,2017
2017-05-21,1602,21,5,2,2017
2017-05-22,1603,22,5,2,2017
2017-05-23,1604,23,5,2,2017
2017-05-24,1605,24,5,2,2017
2017-05-25,1606,25,5,2,2017
2017-05-26,1607,26,5,2,2017
2017-05-27,1608,27,5,2,2017
2017-05-28,1609,28,5,2,2017
2017-05-29,1610,29,5,2,2017
2017-05-30,1611,30,5,2,2017
2017-05-31,1612,31,5,2,2017
2017-06-01,1613,1,6,2,2017
2017-06-02,1614,2,6,2,2017
2017-06-03,1615,3,6,2,2017
2017-06-04,1616,4,6,2,2017
2017-06-05,1617,5,6,2,2017
2017-06-06,1618,6,6,2,2017
2017-06-07,1619,7,6,2,2017
2017-06-08,1620,8,6,2,2017
2017-06-09,1621,9,6,2,2017
2017-06-10,1622,10,6,2,2017
2017-06-11,1623,11,6,2,2017
2017-06-12,1624,12,6,2,2017
2017-06-13,1625,13,6,2,2017
2017-06-14,1626,14,6,2,2017
2017-06-15,1627,15,6,2,2017
2017-06-16,1628,16,6,2,2017
2017-06-17,1629,17,6,2,2017
2017-06-18,1630,18,6,2,2017
2017-06-19,1631,19,6,2,2017
2017-06-20,1632,20,6,2,2017
2017-06-21,1633,21,6,2,2017
2017-06-22,1634,22,6,2,2017
2017-06-23,1635,23,6,2,2017
2017-06-24,1636,24,6,2,2017
2017-06-25,1637,25,6,2,2017
2017-06-26,1638,26,6,2,2017
2017-06-27,1639,27,6,2,2017
2017-06-28,1640,28,6,2,2017
2017-06-29,1641,29,6,2,2017
2017-06-30,1642,30,6,2,2017
2017-07-01,1643,1,7,3,2017
2017-07-02,1644,2,7,3,2017
2017-07-03,1645,3,7,3,2017
2017-07-04,1646,4,7,3,2017
2017-07-05,1647,5,7,3,2017
2017-07-06,1648,6,7,3,2017
2017-07-07,1649,7,7,3,2017
2017-07-08,1650,8,7,3,2017
2017-07-09,1651,9,7,3,2017
2017-07-10,1652,10,7,3,2017
2017-07-11,1653,11,7,3,2017
2017-07-12,1654,12,7,3,2017
2017-07-13,1655,13,7,3,2017
2017-07-14,1656,14,7,3,2017
2017-07-15,1657,15,7,3,2017
2017-07-16,1658,16,7,3,2017
2017-07-17,1659,17,7,3,2017
2017-07-18,1660,18,7,3,2017
2017-07-19,1661,19,7,3,2017
2017-07-20,1662,20,7,3,2017
2017-07-21,1663,21,7,3,2017
2017-07-22,1664,22,7,3,2017
2017-07-23,1665,23,7,3,2017
2017-07-24,1666,24,7,3,2017
2017-07-25,1667,25,7,3,2017
2017-07-26,1668,26,7,3,2017
2017-07-27,1669,27,7,3,2017
2017-07-28,1670,28,7,3,2017
2017-07-29,1671,29,7,3,2017
2017-07-30,1672,30,7,3,2017
2017-07-31,1673,31,7,3,2017
2017-08-01,1674,1,8,3,2017
2017-08-02,1675,2,8,3,2017
2017-08-03,1676,3,8,3,2017
2017-08-04,1677,4,8,3,2017
2017-08-05,1678,5,8,3,2017
2017-08-06,1679,6,8,3,2017
2017-08-07,1680,7,8,3,2017
2017-08-08,1681,8,8,3,2017
2017-08-09,1682,9,8,3,2017
2017-08-10,1683,10,8,3,2017
2017-08-11,1684,11,8,3,2017
2017-08-12,1685,12,8,3,2017
2017-08-13,1686,13,8,3,2017
2017-08-14,1687,14,8,3,2017
2017-08-15,1688,15,8,3,2017
2017-08-16,1689,16,8,3,2017
2017-08-17,1690,17,8,3,2017
2017-08-18,1691,18,8,3,2017
2017-08-19,1692,19,8,3,2017
2017-08-20,1693,20,8,3,2017
2017-08-21,1694,21,8,3,2017
2017-08-22,1695,22,8,3,2017
2017-08-23,1696,23,8,3,2017
2017-08-24,1697,24,8,3,2017
2017-08-25,1698,25,8,3,2017
2017-08-26,1699,26,8,3,2017
2017-08-27,1700,27,8,3,2017
2017-08-28,1701,28,8,3,2017
2017-08-29,1702,29,8,3,2017
2017-08-30,1703,30,8,3,2017
2017-08-31,1704,31,8,3,2017
2017-09-01,1705,1,9,3,2017
2017-09-02,1706,2,9,3,2017
2017-09-03,1707,3,9,3,2017
2017-09-04,1708,4,9,3,2017
2017-09-05,1709,5,9,3,2017
2017-09-06,1710,6,9,3,2017
2017-09-07,1711,7,9,3,2017
2017-09-08,1712,8,9,3,2017
2017-09-09,1713,9,9,3,2017
2017-09-10,1714,10,9,3,2017
2017-09-11,1715,11,9,3,2017
2017-09-12,1716,12,9,3,2017
2017-09-13,1717,13,9,3,2017
2017-09-14,1718,14,9,3,2017
2017-09-15,1719,15,9,3,2017
2017-09-16,1720,16,9,3,2017
2017-09-17,1721,17,9,3,2017
2017-09-18,1722,18,9,3,2017
2017-09-19,1723,19,9,3,2017
2017-09-20,1724,20,9,3,2017
2017-09-21,1725,21,9,3,2017
2017-09-22,1726,22,9,3,2017
2017-09-23,1727,23,9,3,2017
2017-09-24,1728,24,9,3,2017
2017-09-25,1729,25,9,3,2017
2017-09-26,1730,26,9,3,2017
2017-09-27,1731,27,9,3,2017
2017-09-28,1732,28,9,3,2017
2017-09-29,1733,29,9,3,2017
2017-09-30,1734,30,9,3,2017
2017-10-01,1735,1,10,4,2017
2017-10-02,1736,2,10,4,2017
2017-10-03,1737,3,10,4,2017
2017-10-04,1738,4,10,4,2017
2017-10-05,1739,5,10,4,2017
2017-10-06,1740,6,10,4,2017
2017-10-07,1741,7,10,4,2017
2017-10-08,1742,8,10,4,2017
2017-10-09,1743,9,10,4,2017
2017-10-10,1744,10,10,4,2017
2017-10-11,1745,11,10,4,2017
2017-10-12,1746,12,10,4,2017
2017-10-13,1747,13,10,4,2017
2017-10-14,1748,14,10,4,2017
2017-10-15,1749,15,10,4,2017
2017-10-16,1750,16,10,4,2017
2017-10-17,1751,17,10,4,2017
2017-10-18,1752,18,10,4,2017
2017-10-19,1753,19,10,4,2017
2017-10-20,1754,20,10,4,2017
2017-10-21,1755,21,10,4,2017
2017-10-22,1756,22,10,4,2017
2017-10-23,1757,23,10,4,2017
2017-10-24,1758,24,10,4,2017
2017-10-25,1759,25,10,4,2017
2017-10-26,1760,26,10,4,2017
2017-10-27,1761,27,10,4,2017
2017-10-28,1762,28,10,4,2017
2017-10-29,1763,29,10,4,2017
2017-10-30,1764,30,10,4,2017
2017-10-31,1765,31,10,4,2017
2017-11-01,1766,1,11,4,2017
2017-11-02,1767,2,11,4,2017
2017-11-03,1768,3,11,4,2017
2017-11-04,1769,4,11,4,2017
2017-11-05,1770,5,11,4,2017
2017-11-06,1771,6,11,4,2017
2017-11-07,1772,7,11,4,2017
2017-11-08,1773,8,11,4,2017
2017-11-09,1774,9,11,4,2017
2017-11-10,1775,10,11,4,2017
2017-11-11,1776,11,11,4,2017
2017-11-12,1777,12,11,4,2017
2017-11-13,1778,13,11,4,2017
2017-11-14,1779,14,11,4,2017
2017-11-15,1780,15,11,4,2017
2017-11-16,1781,16,11,4,2017
2017-11-17,1782,17,11,4,2017
2017-11-18,1783,18,11,4,2017
2017-11-19,1784,19,11,4,2017
2017-11-20,1785,20,11,4,2017
2017-11-21,1786,21,11,4,2017
2017-11-22,1787,22,11,4,2017
2017-11-23,1788,23,11,4,2017
2017-11-24,1789,24,11,4,2017
2017-11-25,1790,25,11,4,2017
2017-11-26,1791,26,11,4,2017
2017-11-27,1792,27,11,4,2017
2017-11-28,1793,28,11,4,2017
2017-11-29,1794,29,11,4,2017
2017-11-30,1795,30,11,4,2017
2017-12-01,1796,1,12,4,2017
2017-12-02,1797,2,12,4,2017
2017-12-03,1798,3,12,4,2017
2017-12-04,1799,4,12,4,2017
2017-12-05,1800,5,12,4,2017
2017-12-06,1801,6,12,4,2017
2017-12-07,1802,7,12,4,2017
2017-12-08,1803,8,12,4,2017
2017-12-09,1804,9,12,4,2017
2017-12-10,1805,10,12,4,2017
2017-12-11,1806,11,12,4,2017
2017-12-12,1807,12,12,4,2017
2017-12-13,1808,13,12,4,2017
2017-12-14,1809,14,12,4,2017
2017-12-15,1810,15,12,4,2017
2017-12-16,1811,16,12,4,2017
2017-12-17,1812,17,12,4,2017
2017-12-18,1813,18,12,4,2017
2017-12-19,1814,19,12,4,2017
2017-12-20,1815,20,12,4,2017
2017-12-21,1816,21,12,4,2017
2017-12-22,1817,22,12,4,2017
2017-12-23,1818,23,12,4,2017
2017-12-24,1819,24,12,4,2017
2017-12-25,1820,25,12,4,2017
2017-12-26,1821,26,12,4,2017
2017-12-27,1822,27,12,4,2017
2017-12-28,1823,28,12,4,2017
2017-12-29,1824,29,12,4,2017
2017-12-30,1825,30,12,4,2017
2017-12-31,1826,31,12,4,2017
2018-01-01,1827,1,1,1,2018
2018-01-02,1828,2,1,1,2018
2018-01-03,1829,3,1,1,2018
2018-01-04,1830,4,1,1,2018
2018-01-05,1831,5,1,1,2018
2018-01-06,1832,6,1,1,2018
2018-01-07,1833,7,1,1,2018
2018-01-08,1834,8,1,1,2018
2018-01-09,1835,9,1,1,2018
2018-01-10,1836,10,1,1,2018
2018-01-11,1837,11,1,1,2018
2018-01-12,1838,12,1,1,2018
2018-01-13,1839,13,1,1,2018
2018-01-14,1840,14,1,1,2018
2018-01-15,1841,15,1,1,2018
2018-01-16,1842,16,1,1,2018
2018-01-17,1843,17,1,1,2018
2018-01-18,1844,18,1,1,2018
2018-01-19,1845,19,1,1,2018
2018-01-20,1846,20,1,1,2018
2018-01-21,1847,21,1,1,2018
2018-01-22,1848,22,1,1,2018
2018-01-23,1849,23,1,1,2018
2018-01-24,1850,24,1,1,2018
2018-01-25,1851,25,1,1,2018
2018-01-26,1852,26,1,1,2018
2018-01-27,1853,27,1,1,2018
2018-01-28,1854,28,1,1,2018
2018-01-29,1855,29,1,1,2018
2018-01-30,1856,30,1,1,2018
2018-01-31,1857,31,1,1,2018
2018-02-01,1858,1,2,1,2018
2018-02-02,1859,2,2,1,2018
2018-02-03,1860,3,2,1,2018
2018-02-04,1861,4,2,1,2018
2018-02-05,1862,5,2,1,2018
2018-02-06,1863,6,2,1,2018
2018-02-07,1864,7,2,1,2018
2018-02-08,1865,8,2,1,2018
2018-02-09,1866,9,2,1,2018
2018-02-10,1867,10,2,1,2018
2018-02-11,1868,11,2,1,2018
2018-02-12,1869,12,2,1,2018
2018-02-13,1870,13,2,1,2018
2018-02-14,1871,14,2,1,2018
2018-02-15,1872,15,2,1,2018
2018-02-16,1873,16,2,1,2018
2018-02-17,1874,17,2,1,2018
2018-02-18,1875,18,2,1,2018
2018-02-19,1876,19,2,1,2018
2018-02-20,1877,20,2,1,2018
2018-02-21,1878,21,2,1,2018
2018-02-22,1879,22,2,1,2018
2018-02-23,1880,23,2,1,2018
2018-02-24,1881,24,2,1,2018
2018-02-25,1882,25,2,1,2018
2018-02-26,1883,26,2,1,2018
2018-02-27,1884,27,2,1,2018
2018-02-28,1885,28,2,1,2018
2018-03-01,1886,1,3,1,2018
2018-03-02,1887,2,3,1,2018
2018-03-03,1888,3,3,1,2018
2018-03-04,1889,4,3,1,2018
2018-03-05,1890,5,3,1,2018
2018-03-06,1891,6,3,1,2018
2018-03-07,1892,7,3,1,2018
2018-03-08,1893,8,3,1,2018
2018-03-09,1894,9,3,1,2018
2018-03-10,1895,10,3,1,2018
2018-03-11,1896,11,3,1,2018
2018-03-12,1897,12,3,1,2018
2018-03-13,1898,13,3,1,2018
2018-03-14,1899,14,3,1,2018
2018-03-15,1900,15,3,1,2018
2018-03-16,1901,16,3,1,2018
2018-03-17,1902,17,3,1,2018
2018-03-18,1903,18,3,1,2018
2018-03-19,1904,19,3,1,2018
2018-03-20,1905,20,3,1,2018
2018-03-21,1906,21,3,1,2018
2018-03-22,1907,22,3,1,2018
2018-03-23,1908,23,3,1,2018
2018-03-24,1909,24,3,1,2018
2018-03-25,1910,25,3,1,2018
2018-03-26,1911,26,3,1,2018
2018-03-27,1912,27,3,1,2018
2018-03-28,1913,28,3,1,2018
2018-03-29,1914,29,3,1,2018
2018-03-30,1915,30,3,1,2018
2018-03-31,1916,31,3,1,2018
2018-04-01,1917,1,4,2,2018
2018-04-02,1918,2,4,2,2018
2018-04-03,1919,3,4,2,2018
2018-04-04,1920,4,4,2,2018
2018-04-05,1921,5,4,2,2018
2018-04-06,1922,6,4,2,2018
2018-04-07,1923,7,4,2,2018
2018-04-08,1924,8,4,2,2018
2018-04-09,1925,9,4,2,2018
2018-04-10,1926,10,4,2,2018
2018-04-11,1927,11,4,2,2018
2018-04-12,1928,12,4,2,2018
2018-04-13,1929,13,4,2,2018
2018-04-14,1930,14,4,2,2018
2018-04-15,1931,15,4,2,2018
2018-04-16,1932,16,4,2,2018
2018-04-17,1933,17,4,2,2018
2018-04-18,1934,18,4,2,2018
2018-04-19,1935,19,4,2,2018
2018-04-20,1936,20,4,2,2018
2018-04-21,1937,21,4,2,2018
2018-04-22,1938,22,4,2,2018
2018-04-23,1939,23,4,2,2018
2018-04-24,1940,24,4,2,2018
2018-04-25,1941,25,4,2,2018
2018-04-26,1942,26,4,2,2018
2018-04-27,1943,27,4,2,2018
2018-04-28,1944,28,4,2,2018
2018-04-29,1945,29,4,2,2018
2018-04-30,1946,30,4,2,2018
2018-05-01,1947,1,5,2,2018
2018-05-02,1948,2,5,2,2018
2018-05-03,1949,3,5,2,2018
2018-05-04,1950,4,5,2,2018
2018-05-05,1951,5,5,2,2018
2018-05-06,1952,6,5,2,2018
2018-05-07,1953,7,5,2,2018
2018-05-08,1954,8,5,2,2018
2018-05-09,1955,9,5,2,2018
2018-05-10,1956,10,5,2,2018
2018-05-11,1957,11,5,2,2018
2018-05-12,1958,12,5,2,2018
2018-05-13,1959,13,5,2,2018
2018-05-14,1960,14,5,2,2018
2018-05-15,1961,15,5,2,2018
2018-05-16,1962,16,5,2,2018
2018-05-17,1963,17,5,2,2018
2018-05-18,1964,18,5,2,2018
2018-05-19,1965,19,5,2,2018
2018-05-20,1966,20,5,2,2018
2018-05-21,1967,21,5,2,2018
2018-05-22,1968,22,5,2,2018
2018-05-23,1969,23,5,2,2018
2018-05-24,1970,24,5,2,2018
2018-05-25,1971,25,5,2,2018
2018-05-26,1972,26,5,2,2018
2018-05-27,1973,27,5,2,2018
2018-05-28,1974,28,5,2,2018
2018-05-29,1975,29,5,2,2018
2018-05-30,1976,30,5,2,2018
2018-05-31,1977,31,5,2,2018
2018-06-01,1978,1,6,2,2018
2018-06-02,1979,2,6,2,2018
2018-06-03,1980,3,6,2,2018
2018-06-04,1981,4,6,2,2018
2018-06-05,1982,5,6,2,2018
2018-06-06,1983,6,6,2,2018
2018-06-07,1984,7,6,2,2018
2018-06-08,1985,8,6,2,2018
2018-06-09,1986,9,6,2,2018
2018-06-10,1987,10,6,2,2018
2018-06-11,1988,11,6,2,2018
2018-06-12,1989,12,6,2,2018
2018-06-13,1990,13,6,2,2018
2018-06-14,1991,14,6,2,2018
2018-06-15,1992,15,6,2,2018
2018-06-16,1993,16,6,2,2018
2018-06-17,1994,17,6,2,2018
2018-06-18,1995,18,6,2,2018
2018-06-19,1996,19,6,2,2018
2018-06-20,1997,20,6,2,2018
2018-06-21,1998,21,6,2,2018
2018-06-22,1999,22,6,2,2018
2018-06-23,2000,23,6,2,2018
2018-06-24,2001,24,6,2,2018
2018-06-25,2002,25,6,2,2018
2018-06-26,2003,26,6,2,2018
2018-06-27,2004,27,6,2,2018
2018-06-28,2005,28,6,2,2018
2018-06-29,2006,29,6,2,2018
2018-06-30,2007,30,6,2,2018
2018-07-01,2008,1,7,3,2018
2018-07-02,2009,2,7,3,2018
2018-07-03,2010,3,7,3,2018
2018-07-04,2011,4,7,3,2018
2018-07-05,2012,5,7,3,2018
2018-07-06,2013,6,7,3,2018
2018-07-07,2014,7,7,3,2018
2018-07-08,2015,8,7,3,2018
2018-07-09,2016,9,7,3,2018
2018-07-10,2017,10,7,3,2018
2018-07-11,2018,11,7,3,2018
2018-07-12,2019,12,7,3,2018
2018-07-13,2020,13,7,3,2018
2018-07-14,2021,14,7,3,2018
2018-07-15,2022,15,7,3,2018
2018-07-16,2023,16,7,3,2018
2018-07-17,2024,17,7,3,2018
2018-07-18,2025,18,7,3,2018
2018-07-19,2026,19,7,3,2018
2018-07-20,2027,20,7,3,2018
2018-07-21,2028,21,7,3,2018
2018-07-22,2029,22,7,3,2018
2018-07-23,2030,23,7,3,2018
2018-07-24,2031,24,7,3,2018
2018-07-25,2032,25,7,3,2018
2018-07-26,2033,26,7,3,2018
2018-07-27,2034,27,7,3,2018
2018-07-28,2035,28,7,3,2018
2018-07-29,2036,29,7,3,2018
2018-07-30,2037,30,7,3,2018
2018-07-31,2038,31,7,3,2018
2018-08-01,2039,1,8,3,2018
2018-08-02,2040,2,8,3,2018
2018-08-03,2041,3,8,3,2018
2018-08-04,2042,4,8,3,2018
2018-08-05,2043,5,8,3,2018
2018-08-06,2044,6,8,3,2018
2018-08-07,2045,7,8,3,2018
2018-08-08,2046,8,8,3,2018
2018-08-09,2047,9,8,3,2018
2018-08-10,2048,10,8,3,2018
2018-08-11,2049,11,8,3,2018
2018-08-12,2050,12,8,3,2018
2018-08-13,2051,13,8,3,2018
2018-08-14,2052,14,8,3,2018
2018-08-15,2053,15,8,3,2018
2018-08-16,2054,16,8,3,2018
2018-08-17,2055,17,8,3,2018
2018-08-18,2056,18,8,3,2018
2018-08-19,2057,19,8,3,2018
2018-08-20,2058,20,8,3,2018
2018-08-21,2059,21,8,3,2018
2018-08-22,2060,22,8,3,2018
2018-08-23,2061,23,8,3,2018
2018-08-24,2062,24,8,3,2018
2018-08-25,2063,25,8,3,2018
2018-08-26,2064,26,8,3,2018
2018-08-27,2065,27,8,3,2018
2018-08-28,2066,28,8,3,2018
2018-08-29,2067,29,8,3,2018
2018-08-30,2068,30,8,3,2018
2018-08-31,2069,31,8,3,2018
2018-09-01,2070,1,9,3,2018
2018-09-02,2071,2,9,3,2018
2018-09-03,2072,3,9,3,2018
2018-09-04,2073,4,9,3,2018
2018-09-05,2074,5,9,3,2018
2018-09-06,2075,6,9,3,2018
2018-09-07,2076,7,9,3,2018
2018-09-08,2077,8,9,3,2018
2018-09-09,2078,9,9,3,2018
2018-09-10,2079,10,9,3,2018
2018-09-11,2080,11,9,3,2018
2018-09-12,2081,12,9,3,2018
2018-09-13,2082,13,9,3,2018
2018-09-14,2083,14,9,3,2018
2018-09-15,2084,15,9,3,2018
2018-09-16,2085,16,9,3,2018
2018-09-17,2086,17,9,3,2018
2018-09-18,2087,18,9,3,2018
2018-09-19,2088,19,9,3,2018
2018-09-20,2089,20,9,3,2018
2018-09-21,2090,21,9,3,2018
2018-09-22,2091,22,9,3,2018
2018-09-23,2092,23,9,3,2018
2018-09-24,2093,24,9,3,2018
2018-09-25,2094,25,9,3,2018
2018-09-26,2095,26,9,3,2018
2018-09-27,2096,27,9,3,2018
2018-09-28,2097,28,9,3,2018
2018-09-29,2098,29,9,3,2018
2018-09-30,2099,30,9,3,2018
2018-10-01,2100,1,10,4,2018
2018-10-02,2101,2,10,4,2018
2018-10-03,2102,3,10,4,2018
2018-10-04,2103,4,10,4,2018
2018-10-05,2104,5,10,4,2018
2018-10-06,2105,6,10,4,2018
2018-10-07,2106,7,10,4,2018
2018-10-08,2107,8,10,4,2018
2018-10-09,2108,9,10,4,2018
2018-10-10,2109,10,10,4,2018
2018-10-11,2110,11,10,4,2018
2018-10-12,2111,12,10,4,2018
2018-10-13,2112,13,10,4,2018
2018-10-14,2113,14,10,4,2018
2018-10-15,2114,15,10,4,2018
2018-10-16,2115,16,10,4,2018
2018-10-17,2116,17,10,4,2018
2018-10-18,2117,18,10,4,2018
2018-10-19,2118,19,10,4,2018
2018-10-20,2119,20,10,4,2018
2018-10-21,2120,21,10,4,2018
2018-10-22,2121,22,10,4,2018
2018-10-23,2122,23,10,4,2018
2018-10-24,2123,24,10,4,2018
2018-10-25,2124,25,10,4,2018
2018-10-26,2125,26,10,4,2018
2018-10-27,2126,27,10,4,2018
2018-10-28,2127,28,10,4,2018
2018-10-29,2128,29,10,4,2018
2018-10-30,2129,30,10,4,2018
2018-10-31,2130,31,10,4,2018
2018-11-01,2131,1,11,4,2018
2018-11-02,2132,2,11,4,2018
2018-11-03,2133,3,11,4,2018
2018-11-04,2134,4,11,4,2018
2018-11-05,2135,5,11,4,2018
2018-11-06,2136,6,11,4,2018
2018-11-07,2137,7,11,4,2018
2018-11-08,2138,8,11,4,2018
2018-11-09,2139,9,11,4,2018
2018-11-10,2140,10,11,4,2018
2018-11-11,2141,11,11,4,2018
2018-11-12,2142,12,11,4,2018
2018-11-13,2143,13,11,4,2018
2018-11-14,2144,14,11,4,2018
2018-11-15,2145,15,11,4,2018
2018-11-16,2146,16,11,4,2018
2018-11-17,2147,17,11,4,2018
2018-11-18,2148,18,11,4,2018
2018-11-19,2149,19,11,4,2018
2018-11-20,2150,20,11,4,2018
2018-11-21,2151,21,11,4,2018
2018-11-22,2152,22,11,4,2018
2018-11-23,2153,23,11,4,2018
2018-11-24,2154,24,11,4,2018
2018-11-25,2155,25,11,4,2018
2018-11-26,2156,26,11,4,2018
2018-11-27,2157,27,11,4,2018
2018-11-28,2158,28,11,4,2018
2018-11-29,2159,29,11,4,2018
2018-11-30,2160,30,11,4,2018
2018-12-01,2161,1,12,4,2018
2018-12-02,2162,2,12,4,2018
2018-12-03,2163,3,12,4,2018
2018-12-04,2164,4,12,4,2018
2018-12-05,2165,5,12,4,2018
2018-12-06,2166,6,12,4,2018
2018-12-07,2167,7,12,4,2018
2018-12-08,2168,8,12,4,2018
2018-12-09,2169,9,12,4,2018
2018-12-10,2170,10,12,4,2018
2018-12-11,2171,11,12,4,2018
2018-12-12,2172,12,12,4,2018
2018-12-13,2173,13,12,4,2018
2018-12-14,2174,14,12,4,2018
2018-12-15,2175,15,12,4,2018
2018-12-16,2176,16,12,4,2018
2018-12-17,2177,17,12,4,2018
2018-12-18,2178,18,12,4,2018
2018-12-19,2179,19,12,4,2018
2018-12-20,2180,20,12,4,2018
2018-12-21,2181,21,12,4,2018
2018-12-22,2182,22,12,4,2018
2018-12-23,2183,23,12,4,2018
2018-12-24,2184,24,12,4,2018
2018-12-25,2185,25,12,4,2018
2018-12-26,2186,26,12,4,2018
2018-12-27,2187,27,12,4,2018
2018-12-28,2188,28,12,4,2018
2018-12-29,2189,29,12,4,2018
2018-12-30,2190,30,12,4,2018
2018-12-31,2191,31,12,4,2018
